{"cameraMode":{"drawMode":0,"name":"Shaded","section":"Shading Mode"},"sceneLighting":true,"audioPlay":false,"sceneViewState":{"m_AlwaysRefresh":false,"showFog":true,"showSkybox":true,"showFlares":true,"showImageEffects":true,"showParticleSystems":true,"showVisualEffectGraphs":true,"m_FxEnabled":true},"in2DMode":false,"pivot":{"x":-19.93313217163086,"y":2.537395477294922,"z":-0.41957664489746096},"rotation":{"x":0.13271835446357728,"y":0.10090817511081696,"z":-0.013583282008767128,"w":0.9859095811843872},"size":4.380873680114746,"orthographic":false}